,Country of Birth,Full-Time,Part-Time,TOTAL,Year
0,Australia,"521,040","247,846","768,886",2013
1,Australian Antartic Territory,49,66,115,2013
2,Cook Islands,44,28,72,2013
3,Fiji,"1,636","1,346","2,982",2013
4,French Polynesia,13,11,24,2013
5,Kiribati,7,14,21,2013
6,Nauru,15,5,20,2013
7,New Caledonia,45,16,61,2013
8,New Zealand,"9,335","7,063","16,398",2013
9,Niue,9,14,23,2013
10,Papua New Guinea,637,671,"1,308",2013
11,Samoa,134,117,251,2013
12,Solomon Islands,60,41,101,2013
13,Tonga,115,81,196,2013
14,Vanuatu,24,20,44,2013
15,Austria,196,165,361,2013
16,Belgium,148,78,226,2013
17,Channel Islands,41,38,79,2013
18,Denmark,142,102,244,2013
19,England,"9,370","6,417","15,787",2013
20,Finland,86,78,164,2013
21,France,606,357,963,2013
22,Germany,"1,526","1,153","2,679",2013
23,Iceland,21,11,32,2013
24,Ireland,751,988,"1,739",2013
25,Isle of Man,18,5,23,2013
26,Netherlands,531,569,"1,100",2013
27,Northern Ireland,136,192,328,2013
28,Norway,109,65,174,2013
29,Scotland,"1,073",899,"1,972",2013
30,Sweden,251,168,419,2013
31,Switzerland,368,235,603,2013
32,"United Kingdom, nfd","4,126","4,975","9,101",2013
33,Wales,341,458,799,2013
34,Albania,68,29,97,2013
35,Belarus,39,43,82,2013
36,Bosnia and Herzegovina,"1,046",515,"1,561",2013
37,Bulgaria,125,75,200,2013
38,Croatia,632,378,"1,010",2013
39,Cyprus,99,84,183,2013
40,Czech Republic,104,125,229,2013
41,Estonia,22,9,31,2013
42,Former Yugoslav Republic of Macedonia,352,230,582,2013
43,"Former Yugoslavia, nfd",43,34,77,2013
44,Greece,346,258,604,2013
45,Hungary,188,165,353,2013
46,Italy,474,436,910,2013
47,Latvia,37,37,74,2013
48,Lithuania,26,31,57,2013
49,Malta,69,101,170,2013
50,Moldova,40,34,74,2013
51,Montenegro,22,15,37,2013
52,Poland,569,620,"1,189",2013
53,Portugal,113,119,232,2013
54,Romania,363,279,642,2013
55,Russian Federation,844,615,"1,459",2013
56,Serbia,470,202,672,2013
57,Serbia and Montenegro,153,134,287,2013
58,Slovakia,86,79,165,2013
59,Slovenia,47,32,79,2013
60,"South Eastern Europe, nfd",53,23,76,2013
61,Spain,132,150,282,2013
62,Ukraine,385,286,671,2013
63,Algeria,26,23,49,2013
64,Bahrain,92,53,145,2013
65,Egypt,800,619,"1,419",2013
66,Gaza Strip and West Bank,14,19,33,2013
67,Iran,"2,167","1,467","3,634",2013
68,Iraq,"2,000",787,"2,787",2013
69,Israel,387,220,607,2013
70,Jordan,299,144,443,2013
71,Kuwait,279,180,459,2013
72,Lebanon,787,647,"1,434",2013
73,Libya,43,35,78,2013
74,Morocco,27,21,48,2013
75,Oman,141,31,172,2013
76,Qatar,55,15,70,2013
77,Saudi Arabia,468,157,625,2013
78,Sudan,"1,795",915,"2,710",2013
79,Syria,156,102,258,2013
80,Turkey,642,324,966,2013
81,United Arab Emirates,432,144,576,2013
82,Yemen,25,14,39,2013
83,Brunei Darussalam,163,60,223,2013
84,Burma (Myanmar),505,348,853,2013
85,Cambodia,381,181,562,2013
86,East Timor,107,68,175,2013
87,Indonesia,"1,851",918,"2,769",2013
88,Laos,37,42,79,2013
89,Malaysia,"3,996","2,341","6,337",2013
90,Philippines,"4,896","2,716","7,612",2013
91,Singapore,"2,994","1,301","4,295",2013
92,Thailand,"1,103",547,"1,650",2013
93,Viet Nam,"2,047","1,595","3,642",2013
94,China (excludes SARs and Taiwan Province),"10,080","5,060","15,140",2013
95,"Chinese Asia (includes Mongolia), nfd",23,21,44,2013
96,Hong Kong (SAR of China),"4,346","2,311","6,657",2013
97,Japan,915,526,"1,441",2013
98,"Korea, Democratic People's Republic of (North)",27,34,61,2013
99,"Korea, Republic of (South)","3,660","1,584","5,244",2013
100,Macau (SAR of China),75,59,134,2013
101,Mongolia,22,16,38,2013
102,Taiwan,"1,801",735,"2,536",2013
103,Afghanistan,"1,653",586,"2,239",2013
104,Armenia,37,24,61,2013
105,Azerbaijan,20,18,38,2013
106,Bangladesh,"1,245",976,"2,221",2013
107,Bhutan,112,32,144,2013
108,Georgia,16,16,32,2013
109,India,"7,787","5,006","12,793",2013
110,Kazakhstan,54,60,114,2013
111,Kyrgyz Republic,23,15,38,2013
112,Maldives,29,16,45,2013
113,Nepal,841,491,"1,332",2013
114,Pakistan,"1,494",874,"2,368",2013
115,Sri Lanka,"3,295","2,241","5,536",2013
116,Uzbekistan,52,48,100,2013
117,Argentina,208,227,435,2013
118,Bermuda,16,9,25,2013
119,Bolivia,25,17,42,2013
120,Brazil,402,416,818,2013
121,Canada,"1,500","1,147","2,647",2013
122,Chile,389,468,857,2013
123,Colombia,346,335,681,2013
124,Costa Rica,15,8,23,2013
125,Cuba,19,11,30,2013
126,Ecuador,38,42,80,2013
127,El Salvador,229,239,468,2013
128,Guatemala,18,12,30,2013
129,Jamaica,28,22,50,2013
130,Mexico,117,83,200,2013
131,Nicaragua,23,20,43,2013
132,Paraguay,8,13,21,2013
133,Peru,242,267,509,2013
134,Trinidad and Tobago,26,34,60,2013
135,United States of America,"3,225","1,867","5,092",2013
136,Uruguay,70,117,187,2013
137,Venezuela,117,109,226,2013
138,Angola,11,9,20,2013
139,Botswana,94,48,142,2013
140,Burundi,125,46,171,2013
141,Cameroon,27,16,43,2013
142,Congo,69,23,92,2013
143,"Congo, Democratic Republic of",269,73,342,2013
144,Côte d'Ivoire,np,< 5,23,2013
145,Eritrea,98,65,163,2013
146,Ethiopia,383,240,623,2013
147,Ghana,231,179,410,2013
148,Guinea,18,9,27,2013
149,Kenya,732,380,"1,112",2013
150,Liberia,205,103,308,2013
151,Malawi,38,28,66,2013
152,Mauritius,408,298,706,2013
153,Mozambique,15,20,35,2013
154,Namibia,56,34,90,2013
155,Nigeria,412,321,733,2013
156,Rwanda,88,22,110,2013
157,Seychelles,48,34,82,2013
158,Sierra Leone,291,158,449,2013
159,Somalia,415,203,618,2013
160,South Africa,"7,246","3,804","11,050",2013
161,"Southern and East Africa, nec",56,62,118,2013
162,Swaziland,16,12,28,2013
163,Tanzania,65,74,139,2013
164,Togo,np,< 5,21,2013
165,Uganda,142,82,224,2013
166,Zambia,172,172,344,2013
167,Zimbabwe,"2,012","1,390","3,402",2013
168,Australia,"540,847","258,720","799,567",2014
169,Australian Antartic Territory,44,45,89,2014
170,British Antartic Territory,20,8,28,2014
171,Cook Islands,47,29,76,2014
172,Fiji,"1,653","1,384","3,037",2014
173,French Polynesia,19,5,24,2014
174,Nauru,14,12,26,2014
175,New Caledonia,48,21,69,2014
176,New Zealand,"9,961","7,036","16,997",2014
177,Papua New Guinea,651,631,"1,282",2014
178,Samoa,159,115,274,2014
179,Solomon Islands,54,42,96,2014
180,Tonga,109,110,219,2014
181,Vanuatu,26,21,47,2014
182,Austria,192,151,343,2014
183,Belgium,151,95,246,2014
184,Channel Islands,15,14,29,2014
185,Denmark,150,111,261,2014
186,England,"9,860","6,673","16,533",2014
187,Finland,94,102,196,2014
188,France,620,385,"1,005",2014
189,Germany,"1,636","1,212","2,848",2014
190,Iceland,16,19,35,2014
191,Ireland,804,"1,104","1,908",2014
192,Isle of Man,23,10,33,2014
193,Jersey,17,6,23,2014
194,Netherlands,563,501,"1,064",2014
195,Northern Ireland,171,169,340,2014
196,Norway,125,65,190,2014
197,Scotland,"1,159",903,"2,062",2014
198,Sweden,313,175,488,2014
199,Switzerland,396,243,639,2014
200,"United Kingdom, nfd","4,332","4,866","9,198",2014
201,Wales,389,421,810,2014
202,Albania,74,26,100,2014
203,Belarus,52,41,93,2014
204,Bosnia and Herzegovina,933,498,"1,431",2014
205,Bulgaria,89,86,175,2014
206,Croatia,537,375,912,2014
207,Cyprus,93,88,181,2014
208,Czech Republic,107,128,235,2014
209,Estonia,20,11,31,2014
210,Former Yugoslav Republic of Macedonia,355,235,590,2014
211,"Former Yugoslavia, nfd",30,29,59,2014
212,Greece,431,268,699,2014
213,Hungary,176,150,326,2014
214,Italy,517,463,980,2014
215,Kosovo,27,9,36,2014
216,Latvia,37,32,69,2014
217,Lithuania,26,23,49,2014
218,Malta,75,85,160,2014
219,Moldova,38,28,66,2014
220,Montenegro,18,15,33,2014
221,Poland,521,621,"1,142",2014
222,Portugal,111,113,224,2014
223,Romania,372,279,651,2014
224,Russian Federation,880,610,"1,490",2014
225,Serbia,495,208,703,2014
226,Serbia and Montenegro,120,103,223,2014
227,Slovakia,89,83,172,2014
228,Slovenia,39,31,70,2014
229,"South Eastern Europe, nfd",67,24,91,2014
230,Spain,142,163,305,2014
231,Ukraine,360,259,619,2014
232,Algeria,20,27,47,2014
233,Bahrain,112,57,169,2014
234,Egypt,874,584,"1,458",2014
235,Gaza Strip and West Bank,24,10,34,2014
236,Iran,"2,451","1,523","3,974",2014
237,Iraq,"2,117",881,"2,998",2014
238,Israel,389,221,610,2014
239,Jordan,313,146,459,2014
240,Kuwait,287,182,469,2014
241,Lebanon,876,644,"1,520",2014
242,Libya,57,46,103,2014
243,Morocco,21,29,50,2014
244,Oman,143,43,186,2014
245,Qatar,63,12,75,2014
246,Saudi Arabia,544,162,706,2014
247,South Sudan,435,210,645,2014
248,Sudan,"1,648",946,"2,594",2014
249,Syria,173,128,301,2014
250,Turkey,631,347,978,2014
251,United Arab Emirates,526,146,672,2014
252,Yemen,32,18,50,2014
253,Brunei Darussalam,154,68,222,2014
254,Burma (Myanmar),534,387,921,2014
255,Cambodia,414,187,601,2014
256,East Timor,90,69,159,2014
257,Indonesia,"1,964",888,"2,852",2014
258,Laos,42,44,86,2014
259,Malaysia,"4,255","2,310","6,565",2014
260,Philippines,"5,301","2,878","8,179",2014
261,Singapore,"3,170","1,299","4,469",2014
262,Thailand,"1,213",542,"1,755",2014
263,Viet Nam,"2,200","1,495","3,695",2014
264,China (excludes SARs and Taiwan Province),"10,897","4,950","15,847",2014
265,"Chinese Asia (includes Mongolia), nfd",33,10,43,2014
266,Hong Kong (SAR of China),"4,158","2,171","6,329",2014
267,Japan,972,489,"1,461",2014
268,"Korea, Democratic People's Republic of (North)",25,28,53,2014
269,"Korea, Republic of (South)","3,937","1,630","5,567",2014
270,Macau (SAR of China),84,48,132,2014
271,Mongolia,29,19,48,2014
272,Taiwan,"1,674",653,"2,327",2014
273,Afghanistan,"1,870",716,"2,586",2014
274,Armenia,29,25,54,2014
275,Azerbaijan,23,19,42,2014
276,Bangladesh,"1,346",992,"2,338",2014
277,Bhutan,121,39,160,2014
278,Georgia,15,11,26,2014
279,India,"8,649","5,530","14,179",2014
280,Kazakhstan,61,44,105,2014
281,Kyrgyz Republic,26,9,35,2014
282,Maldives,24,17,41,2014
283,Nepal,"1,231",658,"1,889",2014
284,Pakistan,"1,792",916,"2,708",2014
285,Sri Lanka,"3,397","2,166","5,563",2014
286,Uzbekistan,59,43,102,2014
287,Argentina,211,211,422,2014
288,Bermuda,20,8,28,2014
289,Bolivia,27,22,49,2014
290,Brazil,448,414,862,2014
291,Canada,"1,603","1,213","2,816",2014
292,Chile,392,458,850,2014
293,Colombia,412,358,770,2014
294,Costa Rica,16,9,25,2014
295,Cuba,25,8,33,2014
296,Ecuador,41,40,81,2014
297,El Salvador,222,231,453,2014
298,Guatemala,20,13,33,2014
299,Jamaica,26,26,52,2014
300,Mexico,138,94,232,2014
301,Nicaragua,25,16,41,2014
302,Paraguay,10,13,23,2014
303,Peru,272,255,527,2014
304,Trinidad and Tobago,32,35,67,2014
305,United States of America,"3,371","1,930","5,301",2014
306,Uruguay,75,121,196,2014
307,Venezuela,104,116,220,2014
308,Angola,14,13,27,2014
309,Botswana,99,60,159,2014
310,Burundi,144,43,187,2014
311,Cameroon,34,20,54,2014
312,"Central and West Africa, nfd",7,21,28,2014
313,Congo,84,31,115,2014
314,"Congo, Democratic Republic of",289,95,384,2014
315,Côte d'Ivoire,20,6,26,2014
316,Eritrea,118,55,173,2014
317,Ethiopia,449,229,678,2014
318,Ghana,246,171,417,2014
319,Guinea,35,8,43,2014
320,Kenya,822,439,"1,261",2014
321,Liberia,194,131,325,2014
322,Malawi,31,28,59,2014
323,Mauritius,441,355,796,2014
324,Mozambique,20,19,39,2014
325,Namibia,44,47,91,2014
326,Nigeria,476,356,832,2014
327,Rwanda,90,36,126,2014
328,Seychelles,52,31,83,2014
329,Sierra Leone,307,168,475,2014
330,Somalia,415,209,624,2014
331,South Africa,"7,822","4,055","11,877",2014
332,"Southern and East Africa, nec",71,56,127,2014
333,Swaziland,16,12,28,2014
334,Tanzania,78,68,146,2014
335,Togo,np,< 5,23,2014
336,Uganda,167,95,262,2014
337,Zambia,176,201,377,2014
338,Zimbabwe,"2,168","1,530","3,698",2014
339,Australia,"549,691","266,605","816,296",2015
340,"Australian External Territories, nec",20,15,35,2015
341,Australian Antartic Territory,39,45,84,2015
342,British Antartic Territory,10,11,21,2015
343,Cook Islands,47,24,71,2015
344,Fiji,"1,727","1,326","3,053",2015
345,French Polynesia,15,7,22,2015
346,Nauru,22,7,29,2015
347,New Caledonia,56,19,75,2015
348,New Zealand,"10,312","7,089","17,401",2015
349,Papua New Guinea,686,682,"1,368",2015
350,Samoa,161,126,287,2015
351,Solomon Islands,60,41,101,2015
352,Tonga,112,117,229,2015
353,Vanuatu,25,21,46,2015
354,Austria,185,146,331,2015
355,Belgium,170,95,265,2015
356,Channel Islands,11,10,21,2015
357,Denmark,153,112,265,2015
358,England,"10,340","6,764","17,104",2015
359,Finland,96,102,198,2015
360,France,649,411,"1,060",2015
361,Germany,"1,677","1,082","2,759",2015
362,Iceland,22,18,40,2015
363,Ireland,844,"1,112","1,956",2015
364,Isle of Man,24,6,30,2015
365,Jersey,24,8,32,2015
366,Netherlands,565,490,"1,055",2015
367,Northern Ireland,174,178,352,2015
368,Norway,108,63,171,2015
369,Scotland,"1,157",915,"2,072",2015
370,Sweden,278,170,448,2015
371,Switzerland,387,212,599,2015
372,"United Kingdom, nfd","4,380","4,663","9,043",2015
373,Wales,394,470,864,2015
374,Albania,79,30,109,2015
375,Belarus,48,40,88,2015
376,Bosnia and Herzegovina,743,509,"1,252",2015
377,Bulgaria,103,82,185,2015
378,Croatia,482,356,838,2015
379,Cyprus,95,88,183,2015
380,Czech Republic,108,121,229,2015
381,Estonia,33,9,42,2015
382,Former Yugoslav Republic of Macedonia,314,212,526,2015
383,Former Yugoslavia not further defined,16,30,46,2015
384,Greece,478,271,749,2015
385,Hungary,171,149,320,2015
386,Italy,554,460,"1,014",2015
387,Kosovo,39,8,47,2015
388,Latvia,39,33,72,2015
389,Lithuania,24,17,41,2015
390,Malta,73,85,158,2015
391,Moldova,29,27,56,2015
392,Montenegro,22,13,35,2015
393,Poland,525,567,"1,092",2015
394,Portugal,108,112,220,2015
395,Romania,335,284,619,2015
396,Russian Federation,819,608,"1,427",2015
397,Serbia,544,226,770,2015
398,Serbia and Montenegro,90,81,171,2015
399,Slovakia,92,83,175,2015
400,Slovenia,38,24,62,2015
401,"South Eastern Europe, nfd",55,37,92,2015
402,Spain,157,142,299,2015
403,Ukraine,355,278,633,2015
404,Algeria,26,23,49,2015
405,Bahrain,110,52,162,2015
406,Egypt,903,602,"1,505",2015
407,Gaza Strip and West Bank,19,12,31,2015
408,Iran,"2,671","1,561","4,232",2015
409,Iraq,"2,196",941,"3,137",2015
410,Israel,389,211,600,2015
411,Jordan,324,155,479,2015
412,Kuwait,304,164,468,2015
413,Lebanon,869,656,"1,525",2015
414,Libya,70,53,123,2015
415,Morocco,26,32,58,2015
416,Oman,150,36,186,2015
417,Qatar,56,21,77,2015
418,Saudi Arabia,568,211,779,2015
419,South Sudan,553,295,848,2015
420,Sudan,"1,499",948,"2,447",2015
421,Syria,212,117,329,2015
422,Turkey,631,359,990,2015
423,United Arab Emirates,574,184,758,2015
424,Yemen,43,14,57,2015
425,Brunei Darussalam,158,64,222,2015
426,Burma (Myanmar),576,368,944,2015
427,Cambodia,392,198,590,2015
428,East Timor,77,69,146,2015
429,Indonesia,"1,838",873,"2,711",2015
430,Laos,37,51,88,2015
431,Malaysia,"4,322","2,294","6,616",2015
432,Philippines,"5,835","3,003","8,838",2015
433,Singapore,"3,196","1,309","4,505",2015
434,Thailand,"1,260",570,"1,830",2015
435,Viet Nam,"2,208","1,401","3,609",2015
436,China (excludes SARs and Taiwan Province),"11,120","5,029","16,149",2015
437,"Chinese Asia (includes Mongolia), nfd",23,12,35,2015
438,Hong Kong (SAR of China),"3,955","2,130","6,085",2015
439,Japan,970,500,"1,470",2015
440,"Korea, Democratic People's Republic of (North)",27,23,50,2015
441,"Korea, Republic of (South)","3,987","1,703","5,690",2015
442,Macau (SAR of China),67,64,131,2015
443,Mongolia,36,17,53,2015
444,Taiwan,"1,505",652,"2,157",2015
445,Afghanistan,"2,081",740,"2,821",2015
446,Armenia,20,23,43,2015
447,Azerbaijan,19,22,41,2015
448,Bangladesh,"1,414",995,"2,409",2015
449,Bhutan,103,34,137,2015
450,Georgia,13,11,24,2015
451,India,"9,426","5,821","15,247",2015
452,Kazakhstan,74,37,111,2015
453,Kyrgyz Republic,29,16,45,2015
454,Maldives,25,24,49,2015
455,Nepal,"1,507",736,"2,243",2015
456,Pakistan,"1,959","1,016","2,975",2015
457,Sri Lanka,"3,439","2,235","5,674",2015
458,Uzbekistan,69,40,109,2015
459,Argentina,215,208,423,2015
460,Bermuda,19,11,30,2015
461,Bolivia,35,16,51,2015
462,Brazil,457,465,922,2015
463,Canada,"1,611","1,248","2,859",2015
464,Chile,413,417,830,2015
465,Colombia,455,383,838,2015
466,Costa Rica,16,13,29,2015
467,Cuba,22,13,35,2015
468,Ecuador,39,31,70,2015
469,El Salvador,200,211,411,2015
470,Guatemala,16,15,31,2015
471,Guyana,6,14,20,2015
472,Jamaica,35,26,61,2015
473,Mexico,140,115,255,2015
474,Nicaragua,17,14,31,2015
475,Paraguay,11,12,23,2015
476,Peru,297,259,556,2015
477,Trinidad and Tobago,32,32,64,2015
478,United States of America,"3,457","1,910","5,367",2015
479,Uruguay,70,105,175,2015
480,Venezuela,141,110,251,2015
481,Angola,7,13,20,2015
482,Botswana,109,49,158,2015
483,Burundi,134,51,185,2015
484,Cameroon,32,20,52,2015
485,Congo,92,34,126,2015
486,"Congo, Democratic Republic of",347,122,469,2015
487,Côte d'Ivoire,23,9,32,2015
488,Eritrea,123,66,189,2015
489,Ethiopia,476,229,705,2015
490,Ghana,267,195,462,2015
491,Guinea,51,10,61,2015
492,Kenya,897,463,"1,360",2015
493,Liberia,206,121,327,2015
494,Malawi,36,26,62,2015
495,Mauritius,462,373,835,2015
496,Mozambique,22,17,39,2015
497,Namibia,54,37,91,2015
498,Nigeria,520,387,907,2015
499,Rwanda,87,33,120,2015
500,Seychelles,50,27,77,2015
501,Sierra Leone,342,171,513,2015
502,Somalia,415,217,632,2015
503,South Africa,"8,056","4,247","12,303",2015
504,"Southern and East Africa, nec",70,45,115,2015
505,Swaziland,13,12,25,2015
506,Tanzania,111,69,180,2015
507,Uganda,190,100,290,2015
508,Zambia,193,212,405,2015
509,Zimbabwe,"2,258","1,634","3,892",2015
510,Australia,"556,710","274,025","830,735",2016
511,Norfolk Island and Australian External Territo,20,26,46,2016
512,Adélie Land (France),51,10,61,2016
513,Australian Antartic Territory,35,26,61,2016
514,Cook Islands,46,25,71,2016
515,Fiji,"1,588","1,346","2,934",2016
516,French Polynesia,16,9,25,2016
517,Nauru,17,16,33,2016
518,New Caledonia,47,22,69,2016
519,New Zealand,"10,866","7,095","17,961",2016
520,Papua New Guinea,699,669,"1,368",2016
521,Samoa,171,135,306,2016
522,Solomon Islands,67,42,109,2016
523,Tonga,107,98,205,2016
524,Vanuatu,30,22,52,2016
525,Austria,167,144,311,2016
526,Belgium,157,101,258,2016
527,Channel Islands,10,49,59,2016
528,Denmark,152,97,249,2016
529,England,"10,794","6,919","17,713",2016
530,Finland,92,102,194,2016
531,France,619,424,"1,043",2016
532,Germany,"1,625","1,096","2,721",2016
533,Iceland,26,14,40,2016
534,Ireland,902,"1,166","2,068",2016
535,Isle of Man,20,13,33,2016
536,Jersey,29,9,38,2016
537,Netherlands,564,472,"1,036",2016
538,Northern Ireland,190,190,380,2016
539,Norway,96,73,169,2016
540,Scotland,"1,148",916,"2,064",2016
541,Sweden,279,176,455,2016
542,Switzerland,373,215,588,2016
543,"United Kingdom, nfd","4,403","4,582","8,985",2016
544,Wales,422,471,893,2016
545,Albania,80,31,111,2016
546,Belarus,41,44,85,2016
547,Bosnia and Herzegovina,670,478,"1,148",2016
548,Bulgaria,95,64,159,2016
549,Croatia,419,315,734,2016
550,Cyprus,106,79,185,2016
551,Czech Republic,98,121,219,2016
552,Estonia,22,17,39,2016
553,Former Yugoslav Republic of Macedonia (FYROM),320,225,545,2016
554,Former Yugoslavia not further defined,11,26,37,2016
555,Greece,500,274,774,2016
556,Hungary,177,171,348,2016
557,Italy,555,471,"1,026",2016
558,Kosovo,56,12,68,2016
559,Latvia,23,26,49,2016
560,Lithuania,32,23,55,2016
561,Malta,78,77,155,2016
562,Moldova,24,26,50,2016
563,Montenegro,20,15,35,2016
564,Poland,510,543,"1,053",2016
565,Portugal,95,128,223,2016
566,Romania,318,279,597,2016
567,Russian Federation,805,592,"1,397",2016
568,Serbia,580,242,822,2016
569,Serbia and Montenegro,59,75,134,2016
570,Slovakia,80,83,163,2016
571,Slovenia,31,38,69,2016
572,"South Eastern Europe, nfd",46,33,79,2016
573,Spain,175,157,332,2016
574,Ukraine,306,255,561,2016
575,Algeria,23,24,47,2016
576,Bahrain,108,54,162,2016
577,Egypt,881,656,"1,537",2016
578,Gaza Strip and West Bank,23,8,31,2016
579,Iran,"2,789","1,669","4,458",2016
580,Iraq,"2,258",989,"3,247",2016
581,Israel,403,212,615,2016
582,Jordan,355,157,512,2016
583,Kuwait,285,173,458,2016
584,Lebanon,898,627,"1,525",2016
585,Libya,88,58,146,2016
586,Morocco,30,28,58,2016
587,Oman,167,37,204,2016
588,Qatar,59,17,76,2016
589,Saudi Arabia,577,222,799,2016
590,South Sudan,575,386,961,2016
591,Sudan,"1,407",940,"2,347",2016
592,Syria,242,146,388,2016
593,Turkey,619,347,966,2016
594,United Arab Emirates,649,211,860,2016
595,Yemen,35,15,50,2016
596,Brunei Darussalam,169,66,235,2016
597,Burma (Myanmar),587,346,933,2016
598,Cambodia,397,180,577,2016
599,East Timor,63,65,128,2016
600,Indonesia,"1,878",847,"2,725",2016
601,Laos,39,36,75,2016
602,Malaysia,"4,475","2,263","6,738",2016
603,Philippines,"6,378","3,235","9,613",2016
604,Singapore,"3,190","1,340","4,530",2016
605,Thailand,"1,320",608,"1,928",2016
606,Viet Nam,"2,267","1,389","3,656",2016
607,China (excludes SARs and Taiwan Province),"11,551","5,133","16,684",2016
608,"Chinese Asia (includes Mongolia), nfd",26,11,37,2016
609,Hong Kong (SAR of China),"3,784","1,915","5,699",2016
610,Japan,"1,019",542,"1,561",2016
611,"Korea, Democratic People's Republic of (North)",10,19,29,2016
612,"Korea, Republic of (South)","3,985","1,774","5,759",2016
613,Macau (SAR of China),65,42,107,2016
614,Mongolia,40,20,60,2016
615,Taiwan,"1,342",677,"2,019",2016
616,Afghanistan,"2,132",841,"2,973",2016
617,Armenia,22,16,38,2016
618,Azerbaijan,20,13,33,2016
619,Bangladesh,"1,423","1,055","2,478",2016
620,Bhutan,82,33,115,2016
621,Georgia,13,11,24,2016
622,India,"10,279","6,356","16,635",2016
623,Kazakhstan,60,49,109,2016
624,Kyrgyz Republic,31,14,45,2016
625,Maldives,23,25,48,2016
626,Nepal,"1,799",848,"2,647",2016
627,Pakistan,"2,164","1,178","3,342",2016
628,Sri Lanka,"3,496","2,269","5,765",2016
629,Uzbekistan,75,45,120,2016
630,Argentina,238,192,430,2016
631,Bermuda,25,10,35,2016
632,Bolivia,31,27,58,2016
633,Brazil,463,524,987,2016
634,Canada,"1,578","1,263","2,841",2016
635,Chile,401,402,803,2016
636,Colombia,478,408,886,2016
637,Costa Rica,16,8,24,2016
638,Cuba,20,10,30,2016
639,Ecuador,40,37,77,2016
640,El Salvador,186,198,384,2016
641,Guatemala,21,13,34,2016
642,Jamaica,28,27,55,2016
643,Mexico,139,89,228,2016
644,Nicaragua,21,15,36,2016
645,Paraguay,10,13,23,2016
646,Peru,272,298,570,2016
647,Trinidad and Tobago,29,38,67,2016
648,United States of America,"3,524","1,995","5,519",2016
649,Uruguay,62,97,159,2016
650,Venezuela,129,119,248,2016
651,Botswana,111,61,172,2016
652,Burundi,139,58,197,2016
653,Cameroon,28,19,47,2016
654,Congo,73,42,115,2016
655,"Congo, Democratic Republic of",386,145,531,2016
656,Côte d'Ivoire,26,10,36,2016
657,Eritrea,123,66,189,2016
658,Ethiopia,510,238,748,2016
659,Ghana,304,199,503,2016
660,Guinea,55,16,71,2016
661,Kenya,975,496,"1,471",2016
662,Liberia,210,151,361,2016
663,Malawi,38,27,65,2016
664,Mauritius,478,404,882,2016
665,Mozambique,21,16,37,2016
666,Namibia,65,34,99,2016
667,Nigeria,583,396,979,2016
668,Rwanda,72,41,113,2016
669,Seychelles,58,34,92,2016
670,Sierra Leone,317,218,535,2016
671,Somalia,401,247,648,2016
672,South Africa,"8,407","4,270","12,677",2016
673,"Southern and East Africa, nec",76,31,107,2016
674,Swaziland,13,11,24,2016
675,Tanzania,131,80,211,2016
676,Uganda,223,94,317,2016
677,Zambia,199,251,450,2016
678,Zimbabwe,"2,364","1,654","4,018",2016
679,Australia,"557,174","283,833","841,007",2017
680,Norfolk Island and Australian External Territories,15,20,35,2017
681,Adélie Land (France),17,14,31,2017
682,Australian Antartic Territory,28,22,50,2017
683,Cook Islands,37,32,69,2017
684,Fiji,"1,584","1,372","2,956",2017
685,French Polynesia,12,12,24,2017
686,Nauru,20,13,33,2017
687,New Caledonia,48,21,69,2017
688,New Zealand,"11,197","7,319","18,516",2017
689,Papua New Guinea,722,677,"1,399",2017
690,Samoa,170,147,317,2017
691,"Samoa, American",9,11,20,2017
692,Solomon Islands,61,36,97,2017
693,Tonga,108,103,211,2017
694,Vanuatu,26,23,49,2017
695,Austria,170,148,318,2017
696,Belgium,159,89,248,2017
697,Channel Islands,10,42,52,2017
698,Denmark,144,101,245,2017
699,England,"11,469","7,405","18,874",2017
700,Finland,93,85,178,2017
701,France,638,421,"1,059",2017
702,Germany,"1,572","1,125","2,697",2017
703,Iceland,14,9,23,2017
704,Ireland,938,"1,141","2,079",2017
705,Isle of Man,13,18,31,2017
706,Jersey,25,10,35,2017
707,Netherlands,578,457,"1,035",2017
708,Northern Ireland,189,199,388,2017
709,Norway,112,57,169,2017
710,Scotland,"1,176",846,"2,022",2017
711,Sweden,274,177,451,2017
712,Switzerland,370,232,602,2017
713,"United Kingdom, nfd","4,012","4,327","8,339",2017
714,Wales,426,461,887,2017
715,Albania,75,30,105,2017
716,Belarus,39,38,77,2017
717,Bosnia and Herzegovina,540,433,973,2017
718,Bulgaria,81,72,153,2017
719,Croatia,342,314,656,2017
720,Cyprus,88,83,171,2017
721,Czech Republic,109,93,202,2017
722,Estonia,30,16,46,2017
723,Former Yugoslav Republic of Macedonia,277,219,496,2017
724,Former Yugoslavia not further defined,8,23,31,2017
725,Greece,563,282,845,2017
726,Hungary,189,151,340,2017
727,Italy,578,451,"1,029",2017
728,Kosovo,50,21,71,2017
729,Latvia,23,26,49,2017
730,Lithuania,33,17,50,2017
731,Malta,71,69,140,2017
732,Moldova,30,27,57,2017
733,Montenegro,26,14,40,2017
734,Poland,463,553,"1,016",2017
735,Portugal,108,133,241,2017
736,Romania,294,266,560,2017
737,Russian Federation,803,569,"1,372",2017
738,Serbia,530,235,765,2017
739,Serbia and Montenegro,48,69,117,2017
740,Slovakia,69,79,148,2017
741,Slovenia,36,40,76,2017
742,"South Eastern Europe, nfd",14,27,41,2017
743,Spain,183,169,352,2017
744,Ukraine,284,269,553,2017
745,Algeria,25,18,43,2017
746,Bahrain,109,57,166,2017
747,Egypt,897,716,"1,613",2017
748,Gaza Strip and West Bank,26,9,35,2017
749,Iran,"2,822","1,725","4,547",2017
750,Iraq,"2,222","1,085","3,307",2017
751,Israel,410,210,620,2017
752,Jordan,352,195,547,2017
753,Kuwait,265,172,437,2017
754,Lebanon,934,664,"1,598",2017
755,Libya,83,67,150,2017
756,Morocco,34,22,56,2017
757,Oman,173,55,228,2017
758,Qatar,64,28,92,2017
759,Saudi Arabia,631,255,886,2017
760,South Sudan,568,395,963,2017
761,Sudan,"1,232",937,"2,169",2017
762,Syria,382,152,534,2017
763,Turkey,572,374,946,2017
764,United Arab Emirates,720,240,960,2017
765,Yemen,43,10,53,2017
766,Brunei Darussalam,184,73,257,2017
767,Burma (Myanmar),614,371,985,2017
768,Cambodia,376,189,565,2017
769,East Timor,57,63,120,2017
770,Indonesia,"1,789",890,"2,679",2017
771,Laos,45,33,78,2017
772,Malaysia,"4,483","2,274","6,757",2017
773,Philippines,"6,953","3,638","10,591",2017
774,Singapore,"3,254","1,353","4,607",2017
775,Thailand,"1,364",605,"1,969",2017
776,Viet Nam,"2,239","1,429","3,668",2017
777,China (excludes SARs and Taiwan Province),"12,170","5,424","17,594",2017
778,"Chinese Asia (includes Mongolia), nfd",27,10,37,2017
779,Hong Kong (SAR of China),"3,649","1,856","5,505",2017
780,Japan,"1,061",522,"1,583",2017
781,"Korea, Democratic People's Republic of (North)",16,16,32,2017
782,"Korea, Republic of (South)","4,010","1,885","5,895",2017
783,Macau (SAR of China),67,33,100,2017
784,Mongolia,38,22,60,2017
785,Taiwan,"1,276",635,"1,911",2017
786,Afghanistan,"2,190",893,"3,083",2017
787,Armenia,25,18,43,2017
788,Azerbaijan,23,15,38,2017
789,Bangladesh,"1,442","1,149","2,591",2017
790,Bhutan,67,41,108,2017
791,Georgia,12,11,23,2017
792,India,"10,889","6,750","17,639",2017
793,Kazakhstan,62,46,108,2017
794,Kyrgyz Republic,29,16,45,2017
795,Maldives,28,25,53,2017
796,Nepal,"2,006",944,"2,950",2017
797,Pakistan,"2,271","1,279","3,550",2017
798,Sri Lanka,"3,542","2,345","5,887",2017
799,Uzbekistan,72,56,128,2017
800,Argentina,232,201,433,2017
801,Bermuda,32,7,39,2017
802,Bolivia,35,27,62,2017
803,Brazil,512,553,"1,065",2017
804,Canada,"1,540","1,257","2,797",2017
805,Chile,370,431,801,2017
806,Colombia,494,456,950,2017
807,Costa Rica,13,9,22,2017
808,Cuba,16,12,28,2017
809,Ecuador,48,33,81,2017
810,El Salvador,148,201,349,2017
811,Guatemala,17,18,35,2017
812,Jamaica,5,16,21,2017
813,Mexico,34,30,64,2017
814,Nicaragua,150,119,269,2017
815,Paraguay,15,13,28,2017
816,Peru,270,306,576,2017
817,Trinidad and Tobago,28,32,60,2017
818,United States of America,"3,639","2,016","5,655",2017
819,Uruguay,64,95,159,2017
820,Venezuela,136,119,255,2017
821,Botswana,126,59,185,2017
822,Burundi,134,72,206,2017
823,Cameroon,24,16,40,2017
824,Congo,65,41,106,2017
825,"Congo, Democratic Republic of",385,178,563,2017
826,Côte d'Ivoire,38,16,54,2017
827,Eritrea,146,66,212,2017
828,Ethiopia,532,277,809,2017
829,Ghana,274,207,481,2017
830,Guinea,71,24,95,2017
831,Kenya,"1,017",563,"1,580",2017
832,Liberia,200,136,336,2017
833,Malawi,34,27,61,2017
834,Mauritius,470,424,894,2017
835,Mozambique,23,21,44,2017
836,Namibia,64,34,98,2017
837,Nigeria,611,427,"1,038",2017
838,Rwanda,75,34,109,2017
839,Seychelles,55,27,82,2017
840,Sierra Leone,318,205,523,2017
841,Somalia,366,246,612,2017
842,South Africa,"8,360","4,399","12,759",2017
843,"Southern and East Africa, nec",52,34,86,2017
844,Swaziland,13,7,20,2017
845,Tanzania,144,99,243,2017
846,Uganda,223,93,316,2017
847,Zambia,225,228,453,2017
848,Zimbabwe,"2,392","1,838","4,230",2017
849,Australia,"554,494","285,319","839,813",2018
850,Norfolk Island and Australian External Territories,18,20,38,2018
851,Adélie Land (France),10,12,22,2018
852,Australian Antartic Territory,47,15,62,2018
853,Cook Islands,35,45,80,2018
854,Fiji,"1,489","1,373","2,862",2018
855,French Polynesia,16,11,27,2018
856,Kiribati,11,9,20,2018
857,Nauru,14,11,25,2018
858,New Caledonia,44,22,66,2018
859,New Zealand,"11,026","7,264","18,290",2018
860,Papua New Guinea,702,687,"1,389",2018
861,Samoa,164,160,324,2018
862,"Samoa, American",14,11,25,2018
863,Solomon Islands,55,46,101,2018
864,Tonga,95,113,208,2018
865,Vanuatu,25,31,56,2018
866,Austria,155,138,293,2018
867,Belgium,144,103,247,2018
868,Denmark,145,105,250,2018
869,England,"11,209","7,284","18,493",2018
870,Finland,94,93,187,2018
871,France,616,452,"1,068",2018
872,Germany,"1,490","1,102","2,592",2018
873,Ireland,944,"1,137","2,081",2018
874,Isle of Man,22,9,31,2018
875,Jersey,28,12,40,2018
876,Netherlands,611,448,"1,059",2018
877,Northern Ireland,182,192,374,2018
878,Norway,115,63,178,2018
879,Scotland,"1,177",855,"2,032",2018
880,Sweden,253,184,437,2018
881,Switzerland,354,208,562,2018
882,"United Kingdom, Channel Islands and Isle of Man, nfd","3,928","4,255","8,183",2018
883,Wales,427,476,903,2018
884,Albania,70,30,100,2018
885,Belarus,33,38,71,2018
886,Bosnia and Herzegovina,432,407,839,2018
887,Bulgaria,76,76,152,2018
888,Croatia,280,286,566,2018
889,Cyprus,83,65,148,2018
890,Czechia,97,122,219,2018
891,Estonia,26,21,47,2018
892,"Former Yugoslavia, nfd",9,17,26,2018
893,Greece,551,315,866,2018
894,Hungary,171,171,342,2018
895,Italy,561,444,"1,005",2018
896,Kosovo,45,15,60,2018
897,Latvia,29,32,61,2018
898,Lithuania,28,21,49,2018
899,Malta,78,78,156,2018
900,Moldova,28,26,54,2018
901,Montenegro,23,13,36,2018
902,North Macedonia,255,209,464,2018
903,Poland,431,504,935,2018
904,Portugal,114,127,241,2018
905,Romania,303,238,541,2018
906,Russian Federation,748,613,"1,361",2018
907,Serbia,477,246,723,2018
908,Slovakia,65,76,141,2018
909,Slovenia,36,33,69,2018
910,"South Eastern Europe, nfd",71,72,143,2018
911,Spain,188,165,353,2018
912,Ukraine,263,241,504,2018
913,Algeria,16,22,38,2018
914,Bahrain,104,60,164,2018
915,Egypt,993,706,"1,699",2018
916,Gaza Strip and West Bank,33,12,45,2018
917,Iran,"2,766","1,817","4,583",2018
918,Iraq,"2,296","1,145","3,441",2018
919,Israel,389,235,624,2018
920,Jordan,338,200,538,2018
921,Kuwait,258,165,423,2018
922,Lebanon,928,675,"1,603",2018
923,Libya,83,67,150,2018
924,Morocco,29,27,56,2018
925,Oman,168,60,228,2018
926,Qatar,70,24,94,2018
927,Saudi Arabia,651,271,922,2018
928,South Sudan,561,454,"1,015",2018
929,Sudan,"1,185",914,"2,099",2018
930,Syria,510,213,723,2018
931,Turkey,560,363,923,2018
932,United Arab Emirates,761,242,"1,003",2018
933,Yemen,54,21,75,2018
934,Brunei Darussalam,184,73,257,2018
935,Cambodia,364,195,559,2018
936,Indonesia,"1,750",923,"2,673",2018
937,Laos,43,38,81,2018
938,Malaysia,"4,547","2,326","6,873",2018
939,Myanmar,632,378,"1,010",2018
940,Philippines,"7,329","4,076","11,405",2018
941,Singapore,"3,307","1,398","4,705",2018
942,Thailand,"1,377",634,"2,011",2018
943,Timor-Leste,54,50,104,2018
944,Vietnam,"2,303","1,465","3,768",2018
945,China (excludes SARs and Taiwan),"12,165","5,649","17,814",2018
946,"Chinese Asia (includes Mongolia), nfd",22,11,33,2018
947,Hong Kong (SAR of China),"3,513","1,837","5,350",2018
948,Japan,"1,055",519,"1,574",2018
949,"Korea, Democratic People's Republic of (North)",15,15,30,2018
950,"Korea, Republic of (South)","3,997","1,823","5,820",2018
951,Macau (SAR of China),67,36,103,2018
952,Mongolia,41,18,59,2018
953,Taiwan,"1,153",625,"1,778",2018
954,Afghanistan,"2,147",981,"3,128",2018
955,Armenia,18,19,37,2018
956,Azerbaijan,21,12,33,2018
957,Bangladesh,"1,372","1,159","2,531",2018
958,Bhutan,64,47,111,2018
959,Georgia,16,10,26,2018
960,India,"11,525","7,265","18,790",2018
961,Kazakhstan,73,46,119,2018
962,Kyrgyzstan,25,22,47,2018
963,Maldives,33,25,58,2018
964,Nepal,"2,123","1,015","3,138",2018
965,Pakistan,"2,356","1,379","3,735",2018
966,Sri Lanka,"3,602","2,242","5,844",2018
967,Uzbekistan,68,52,120,2018
968,Argentina,218,217,435,2018
969,Bermuda,35,10,45,2018
970,Bolivia,39,24,63,2018
971,Brazil,523,574,"1,097",2018
972,Canada,"1,473","1,180","2,653",2018
973,Chile,366,389,755,2018
974,Colombia,457,463,920,2018
975,Costa Rica,9,13,22,2018
976,Cuba,12,16,28,2018
977,Ecuador,53,37,90,2018
978,El Salvador,127,198,325,2018
979,Guatemala,22,17,39,2018
980,Guyana,10,16,26,2018
981,Jamaica,29,30,59,2018
982,Mexico,136,110,246,2018
983,Nicaragua,10,19,29,2018
984,Peru,242,295,537,2018
985,Trinidad and Tobago,35,35,70,2018
986,United States of America,"3,656","2,035","5,691",2018
987,Uruguay,54,91,145,2018
988,Venezuela,137,99,236,2018
989,Botswana,134,57,191,2018
990,Burundi,118,84,202,2018
991,Cameroon,24,18,42,2018
992,"Congo, Democratic Republic of",386,196,582,2018
993,"Congo, Republic of",68,33,101,2018
994,Côte d'Ivoire,50,18,68,2018
995,Djibouti,17,< 5,np,2018
996,Eritrea,147,75,222,2018
997,Eswatini,7,15,22,2018
998,Ethiopia,562,308,870,2018
999,Ghana,304,197,501,2018
1000,Guinea,79,37,116,2018
1001,Kenya,"1,019",579,"1,598",2018
1002,Liberia,198,164,362,2018
1003,Malawi,35,30,65,2018
1004,Mauritius,481,434,915,2018
1005,Mozambique,22,17,39,2018
1006,Namibia,64,35,99,2018
1007,Nigeria,633,487,"1,120",2018
1008,Rwanda,69,38,107,2018
1009,Seychelles,46,32,78,2018
1010,Sierra Leone,270,215,485,2018
1011,Somalia,326,255,581,2018
1012,South Africa,"8,211","4,582","12,793",2018
1013,"Southern and East Africa, nec",46,30,76,2018
1014,Tanzania,175,101,276,2018
1015,Togo,12,8,20,2018
1016,Uganda,221,115,336,2018
1017,Zambia,190,243,433,2018
1018,Zimbabwe,"2,355","1,877","4,232",2018
1019,Australia,"552,066","287,809","839,875",2019
1020,Norfolk Island and Australian External Territories,21,20,41,2019
1021,Australian Antartic Territory,50,22,72,2019
1022,Cook Islands,30,36,66,2019
1023,Fiji,"1,412","1,318","2,730",2019
1024,French Polynesia,17,6,23,2019
1025,Kiribati,12,8,20,2019
1026,Nauru,np,np,np,2019
1027,New Caledonia,42,25,67,2019
1028,New Zealand,"11,016","7,245","18,261",2019
1029,Papua New Guinea,694,709,"1,403",2019
1030,Samoa,146,156,302,2019
1031,"Samoa, American",9,15,24,2019
1032,Solomon Islands,64,40,104,2019
1033,Tonga,87,113,200,2019
1034,Vanuatu,24,19,43,2019
1035,Austria,150,141,291,2019
1036,Belgium,163,92,255,2019
1037,Denmark,144,103,247,2019
1038,England,"11,233","7,205","18,438",2019
1039,Finland,84,91,175,2019
1040,France,628,417,"1,045",2019
1041,Germany,"1,354","1,070","2,424",2019
1042,Ireland,995,"1,123","2,118",2019
1043,Isle of Man,18,11,29,2019
1044,Jersey,25,10,35,2019
1045,Netherlands,564,454,"1,018",2019
1046,Northern Ireland,178,193,371,2019
1047,Norway,97,51,148,2019
1048,Scotland,"1,210",774,"1,984",2019
1049,Sweden,251,177,428,2019
1050,Switzerland,348,213,561,2019
1051,"United Kingdom, Channel Islands and Isle of Man, nfd","3,947","4,139","8,086",2019
1052,Wales,425,497,922,2019
1053,Albania,61,38,99,2019
1054,Belarus,40,38,78,2019
1055,Bosnia and Herzegovina,383,361,744,2019
1056,Bulgaria,79,69,148,2019
1057,Croatia,237,278,515,2019
1058,Cyprus,72,70,142,2019
1059,Czechia,78,128,206,2019
1060,Estonia,26,23,49,2019
1061,"Former Yugoslavia, nfd",7,14,21,2019
1062,Greece,569,340,909,2019
1063,Hungary,172,164,336,2019
1064,Italy,585,397,982,2019
1065,Kosovo,37,19,56,2019
1066,Latvia,27,18,45,2019
1067,Lithuania,24,18,42,2019
1068,Malta,66,66,132,2019
1069,Moldova,27,30,57,2019
1070,Montenegro,21,15,36,2019
1071,North Macedonia,263,195,458,2019
1072,Poland,418,481,899,2019
1073,Portugal,116,122,238,2019
1074,Romania,298,247,545,2019
1075,Russian Federation,755,568,"1,323",2019
1076,Serbia,422,232,654,2019
1077,Slovakia,46,75,121,2019
1078,Slovenia,44,39,83,2019
1079,"South Eastern Europe, nfd",33,70,103,2019
1080,Spain,194,157,351,2019
1081,Ukraine,245,255,500,2019
1082,Algeria,23,18,41,2019
1083,Bahrain,113,65,178,2019
1084,Egypt,977,718,"1,695",2019
1085,Gaza Strip and West Bank,37,18,55,2019
1086,Iran,"2,577","1,905","4,482",2019
1087,Iraq,"2,353","1,106","3,459",2019
1088,Israel,421,227,648,2019
1089,Jordan,341,201,542,2019
1090,Kuwait,251,176,427,2019
1091,Lebanon,896,649,"1,545",2019
1092,Libya,87,59,146,2019
1093,Morocco,26,25,51,2019
1094,Oman,177,59,236,2019
1095,Qatar,82,19,101,2019
1096,Saudi Arabia,683,311,994,2019
1097,South Sudan,538,496,"1,034",2019
1098,Sudan,"1,119",887,"2,006",2019
1099,Syria,665,278,943,2019
1100,Turkey,516,396,912,2019
1101,United Arab Emirates,864,273,"1,137",2019
1102,Yemen,46,19,65,2019
1103,Brunei Darussalam,163,68,231,2019
1104,Cambodia,371,177,548,2019
1105,Indonesia,"1,718",916,"2,634",2019
1106,Laos,49,40,89,2019
1107,Malaysia,"4,542","2,300","6,842",2019
1108,Myanmar,613,459,"1,072",2019
1109,Philippines,"7,837","4,246","12,083",2019
1110,Singapore,"3,262","1,373","4,635",2019
1111,Thailand,"1,463",638,"2,101",2019
1112,Timor-Leste,48,43,91,2019
1113,Vietnam,"2,394","1,454","3,848",2019
1114,China (excludes SARs and Taiwan),"12,729","6,028","18,757",2019
1115,"Chinese Asia (includes Mongolia), nfd",18,9,27,2019
1116,Hong Kong (SAR of China),"3,440","1,797","5,237",2019
1117,Japan,"1,112",518,"1,630",2019
1118,"Korea, Democratic People's Republic of (North)",19,23,42,2019
1119,"Korea, Republic of (South)","4,046","1,876","5,922",2019
1120,Macau (SAR of China),60,37,97,2019
1121,Mongolia,38,28,66,2019
1122,Taiwan,"1,129",595,"1,724",2019
1123,Afghanistan,"2,179",980,"3,159",2019
1124,Armenia,19,19,38,2019
1125,Azerbaijan,17,17,34,2019
1126,Bangladesh,"1,424","1,112","2,536",2019
1127,Bhutan,75,45,120,2019
1128,Georgia,12,10,22,2019
1129,India,"12,504","7,412","19,916",2019
1130,Kazakhstan,71,53,124,2019
1131,Kyrgyzstan,20,15,35,2019
1132,Maldives,33,25,58,2019
1133,Nepal,"2,291","1,098","3,389",2019
1134,Pakistan,"2,434","1,400","3,834",2019
1135,Sri Lanka,"3,678","2,292","5,970",2019
1136,Uzbekistan,77,51,128,2019
1137,Argentina,225,219,444,2019
1138,Bermuda,31,10,41,2019
1139,Bolivia,34,27,61,2019
1140,Brazil,537,595,"1,132",2019
1141,Canada,"1,422","1,169","2,591",2019
1142,Chile,335,382,717,2019
1143,Colombia,464,438,902,2019
1144,Costa Rica,13,9,22,2019
1145,Cuba,18,16,34,2019
1146,Ecuador,57,35,92,2019
1147,El Salvador,113,204,317,2019
1148,Guatemala,25,11,36,2019
1149,Guyana,8,12,20,2019
1150,Jamaica,23,34,57,2019
1151,Mexico,121,116,237,2019
1152,Nicaragua,15,24,39,2019
1153,Peru,244,259,503,2019
1154,Trinidad and Tobago,39,33,72,2019
1155,United States of America,"3,830","2,098","5,928",2019
1156,Uruguay,56,83,139,2019
1157,Venezuela,142,110,252,2019
1158,Botswana,136,58,194,2019
1159,Burundi,118,73,191,2019
1160,Cameroon,30,15,45,2019
1161,"Congo, Democratic Republic of",424,204,628,2019
1162,"Congo, Republic of",65,39,104,2019
1163,Côte d'Ivoire,67,30,97,2019
1164,Djibouti,16,5,21,2019
1165,Eritrea,144,75,219,2019
1166,Ethiopia,531,304,835,2019
1167,Ghana,294,236,530,2019
1168,Guinea,90,28,118,2019
1169,Kenya,"1,045",623,"1,668",2019
1170,Liberia,185,161,346,2019
1171,Malawi,32,30,62,2019
1172,Mauritius,519,387,906,2019
1173,Mozambique,33,18,51,2019
1174,Namibia,54,36,90,2019
1175,Nigeria,663,509,"1,172",2019
1176,Rwanda,83,39,122,2019
1177,Seychelles,49,25,74,2019
1178,Sierra Leone,258,226,484,2019
1179,Somalia,300,248,548,2019
1180,South Africa,"7,964","4,679","12,643",2019
1181,"Southern and East Africa, nec",44,28,72,2019
1182,Tanzania,194,108,302,2019
1183,Uganda,250,122,372,2019
1184,Zambia,218,233,451,2019
1185,Zimbabwe,"2,334","1,795","4,129",2019
1186,Australia,"562,558","306,066","868,624",2020
1187,Norfolk Island and Australian External Territories,22,14,36,2020
1188,Australian Antartic Territory,44,22,66,2020
1189,Cook Islands,22,37,59,2020
1190,Fiji,"1,393","1,385","2,778",2020
1191,French Polynesia,14,11,25,2020
1192,Kiribati,19,13,32,2020
1193,Nauru,12,13,25,2020
1194,New Caledonia,47,20,67,2020
1195,New Zealand,"11,178","7,673","18,851",2020
1196,Papua New Guinea,688,715,"1,403",2020
1197,Samoa,148,155,303,2020
1198,Solomon Islands,58,54,112,2020
1199,Tonga,103,124,227,2020
1200,Vanuatu,22,25,47,2020
1201,Austria,167,124,291,2020
1202,Belgium,184,103,287,2020
1203,Denmark,142,111,253,2020
1204,England,"12,246","8,113","20,359",2020
1205,Finland,85,94,179,2020
1206,France,691,473,"1,164",2020
1207,Germany,"1,352","1,160","2,512",2020
1208,Iceland,8,14,22,2020
1209,Ireland,"1,136","1,199","2,335",2020
1210,Isle of Man,np,< 5,23,2020
1211,Jersey,23,16,39,2020
1212,Luxembourg,16,5,21,2020
1213,Netherlands,587,441,"1,028",2020
1214,Northern Ireland,208,206,414,2020
1215,Norway,101,60,161,2020
1216,Scotland,"1,306",819,"2,125",2020
1217,Sweden,266,161,427,2020
1218,Switzerland,337,240,577,2020
1219,"United Kingdom, Channel Islands and Isle of Man, nfd","3,808","3,948","7,756",2020
1220,Wales,422,462,884,2020
1221,Albania,48,43,91,2020
1222,Belarus,54,45,99,2020
1223,Bosnia and Herzegovina,341,359,700,2020
1224,Bulgaria,84,67,151,2020
1225,Croatia,212,255,467,2020
1226,Cyprus,74,68,142,2020
1227,Czechia,86,117,203,2020
1228,Estonia,31,33,64,2020
1229,"Former Yugoslavia, nfd",8,12,20,2020
1230,Greece,624,329,953,2020
1231,Hungary,196,168,364,2020
1232,Italy,646,469,"1,115",2020
1233,Kosovo,26,16,42,2020
1234,Latvia,23,29,52,2020
1235,Lithuania,34,27,61,2020
1236,Malta,72,60,132,2020
1237,Moldova,31,28,59,2020
1238,Montenegro,18,18,36,2020
1239,North Macedonia,241,190,431,2020
1240,Poland,455,510,965,2020
1241,Portugal,114,129,243,2020
1242,Romania,275,240,515,2020
1243,Russian Federation,768,662,"1,430",2020
1244,Serbia,387,236,623,2020
1245,Slovakia,62,70,132,2020
1246,Slovenia,44,36,80,2020
1247,"South Eastern Europe, nfd",29,49,78,2020
1248,Spain,219,162,381,2020
1249,Ukraine,237,244,481,2020
1250,Algeria,15,20,35,2020
1251,Bahrain,120,70,190,2020
1252,Egypt,"1,089",731,"1,820",2020
1253,Gaza Strip and West Bank,38,30,68,2020
1254,Iran,"2,850","1,979","4,829",2020
1255,Iraq,"2,446","1,206","3,652",2020
1256,Israel,464,236,700,2020
1257,Jordan,362,236,598,2020
1258,Kuwait,270,177,447,2020
1259,Lebanon,963,664,"1,627",2020
1260,Libya,85,58,143,2020
1261,Morocco,38,29,67,2020
1262,Oman,171,60,231,2020
1263,Qatar,93,38,131,2020
1264,Saudi Arabia,775,337,"1,112",2020
1265,South Sudan,508,500,"1,008",2020
1266,Sudan,"1,065",818,"1,883",2020
1267,Syria,828,328,"1,156",2020
1268,Turkey,558,423,981,2020
1269,United Arab Emirates,"1,000",301,"1,301",2020
1270,Yemen,52,26,78,2020
1271,Brunei Darussalam,150,72,222,2020
1272,Cambodia,381,192,573,2020
1273,Indonesia,"1,790",977,"2,767",2020
1274,Laos,42,45,87,2020
1275,Malaysia,"4,603","2,414","7,017",2020
1276,Myanmar,642,426,"1,068",2020
1277,Philippines,"8,374","4,680","13,054",2020
1278,Singapore,"3,420","1,487","4,907",2020
1279,Thailand,"1,538",734,"2,272",2020
1280,Timor-Leste,34,51,85,2020
1281,Vietnam,"2,581","1,529","4,110",2020
1282,China (excludes SARs and Taiwan),"13,580","6,763","20,343",2020
1283,Hong Kong (SAR of China),"3,542","1,907","5,449",2020
1284,Japan,"1,184",576,"1,760",2020
1285,"Korea, Democratic People's Republic of (North)",16,23,39,2020
1286,"Korea, Republic of (South)","4,017","1,907","5,924",2020
1287,Macau (SAR of China),56,26,82,2020
1288,Mongolia,49,28,77,2020
1289,Taiwan,"1,108",627,"1,735",2020
1290,Afghanistan,"2,170","1,043","3,213",2020
1291,Armenia,19,14,33,2020
1292,Azerbaijan,21,14,35,2020
1293,Bangladesh,"1,666","1,210","2,876",2020
1294,Bhutan,88,47,135,2020
1295,Georgia,13,9,22,2020
1296,India,"13,911","8,356","22,267",2020
1297,Kazakhstan,84,53,137,2020
1298,Kyrgyzstan,21,14,35,2020
1299,Maldives,36,22,58,2020
1300,Nepal,"2,546","1,297","3,843",2020
1301,Pakistan,"2,739","1,570","4,309",2020
1302,Sri Lanka,"3,982","2,519","6,501",2020
1303,Uzbekistan,79,56,135,2020
1304,Argentina,242,234,476,2020
1305,Bermuda,31,17,48,2020
1306,Bolivia,26,34,60,2020
1307,Brazil,654,746,"1,400",2020
1308,Canada,"1,541","1,260","2,801",2020
1309,Chile,359,416,775,2020
1310,Colombia,469,544,"1,013",2020
1311,Costa Rica,12,8,20,2020
1312,Cuba,25,13,38,2020
1313,Ecuador,59,54,113,2020
1314,El Salvador,103,187,290,2020
1315,Guatemala,20,17,37,2020
1316,Guyana,< 5,np,21,2020
1317,Jamaica,25,29,54,2020
1318,Mexico,153,127,280,2020
1319,Nicaragua,13,23,36,2020
1320,Peru,266,284,550,2020
1321,Trinidad and Tobago,37,37,74,2020
1322,United States of America,"4,212","2,299","6,511",2020
1323,Uruguay,62,93,155,2020
1324,Venezuela,157,133,290,2020
1325,Botswana,136,71,207,2020
1326,Burundi,131,71,202,2020
1327,Cameroon,31,18,49,2020
1328,"Congo, Democratic Republic of",394,218,612,2020
1329,"Congo, Republic of",68,26,94,2020
1330,Côte d'Ivoire,66,34,100,2020
1331,Djibouti,16,6,22,2020
1332,Eritrea,158,71,229,2020
1333,Ethiopia,559,329,888,2020
1334,Ghana,339,230,569,2020
1335,Guinea,78,47,125,2020
1336,Kenya,"1,118",696,"1,814",2020
1337,Liberia,179,158,337,2020
1338,Malawi,42,36,78,2020
1339,Mauritius,507,421,928,2020
1340,Mozambique,18,25,43,2020
1341,Namibia,47,46,93,2020
1342,Nigeria,789,570,"1,359",2020
1343,Rwanda,68,50,118,2020
1344,Seychelles,49,35,84,2020
1345,Sierra Leone,220,220,440,2020
1346,Somalia,293,218,511,2020
1347,South Africa,"7,931","5,005","12,936",2020
1348,"Southern and East Africa, nec",45,22,67,2020
1349,Tanzania,226,96,322,2020
1350,Uganda,266,142,408,2020
1351,Zambia,240,243,483,2020
1352,Zimbabwe,"2,390","1,828","4,218",2020
1353,Australia,"564,907","320,766","885,673",2021
1354,Norfolk Island and Australian External Territories,17,20,37,2021
1355,Australian Antartic Territory,30,10,40,2021
1356,Cook Islands,23,34,57,2021
1357,Fiji,"1,296","1,475","2,771",2021
1358,French Polynesia,16,11,27,2021
1359,Kiribati,13,13,26,2021
1360,Nauru,19,11,30,2021
1361,New Caledonia,40,27,67,2021
1362,New Zealand,"11,048","8,258","19,306",2021
1363,Papua New Guinea,711,765,"1,476",2021
1364,Samoa,156,158,314,2021
1365,"Samoa, American",9,11,20,2021
1366,Solomon Islands,56,47,103,2021
1367,Tonga,126,122,248,2021
1368,Vanuatu,19,22,41,2021
1369,Austria,152,140,292,2021
1370,Belgium,183,125,308,2021
1371,Denmark,153,130,283,2021
1372,England,"14,513","9,928","24,441",2021
1373,Finland,100,100,200,2021
1374,France,733,484,"1,217",2021
1375,Germany,"1,355","1,143","2,498",2021
1376,Iceland,12,9,21,2021
1377,Ireland,"1,230","1,305","2,535",2021
1378,Isle of Man,23,12,35,2021
1379,Jersey,22,18,40,2021
1380,Luxembourg,16,8,24,2021
1381,Netherlands,592,472,"1,064",2021
1382,Northern Ireland,236,239,475,2021
1383,Norway,111,59,170,2021
1384,Scotland,"1,302","1,012","2,314",2021
1385,Sweden,275,169,444,2021
1386,Switzerland,372,247,619,2021
1387,"United Kingdom, Channel Islands and Isle of Man, nfd","2,373","2,646","5,019",2021
1388,Wales,410,451,861,2021
1389,Albania,48,39,87,2021
1390,Belarus,49,46,95,2021
1391,Bosnia and Herzegovina,311,343,654,2021
1392,Bulgaria,76,62,138,2021
1393,Croatia,182,250,432,2021
1394,Cyprus,81,63,144,2021
1395,Czechia,104,122,226,2021
1396,Estonia,35,39,74,2021
1397,Greece,640,401,"1,041",2021
1398,Hungary,199,189,388,2021
1399,Italy,678,536,"1,214",2021
1400,Kosovo,30,8,38,2021
1401,Latvia,32,23,55,2021
1402,Lithuania,29,37,66,2021
1403,Malta,53,73,126,2021
1404,Moldova,28,20,48,2021
1405,Montenegro,21,10,31,2021
1406,North Macedonia,247,192,439,2021
1407,Poland,423,535,958,2021
1408,Portugal,121,128,249,2021
1409,Romania,251,262,513,2021
1410,Russian Federation,793,686,"1,479",2021
1411,Serbia,364,262,626,2021
1412,Slovakia,52,71,123,2021
1413,Slovenia,43,34,77,2021
1414,"South Eastern Europe, nfd",14,33,47,2021
1415,Spain,249,185,434,2021
1416,Ukraine,257,256,513,2021
1417,Algeria,22,21,43,2021
1418,Bahrain,146,66,212,2021
1419,Egypt,"1,221",783,"2,004",2021
1420,Gaza Strip and West Bank,43,23,66,2021
1421,Iran,"2,828","2,034","4,862",2021
1422,Iraq,"2,534","1,221","3,755",2021
1423,Israel,486,225,711,2021
1424,Jordan,333,232,565,2021
1425,Kuwait,286,208,494,2021
1426,Lebanon,930,743,"1,673",2021
1427,Libya,79,66,145,2021
1428,Morocco,30,36,66,2021
1429,Oman,176,70,246,2021
1430,Qatar,101,38,139,2021
1431,Saudi Arabia,773,405,"1,178",2021
1432,South Sudan,482,515,997,2021
1433,Sudan,961,798,"1,759",2021
1434,Syria,978,399,"1,377",2021
1435,Turkey,515,417,932,2021
1436,United Arab Emirates,"1,116",384,"1,500",2021
1437,Yemen,40,36,76,2021
1438,Brunei Darussalam,126,88,214,2021
1439,Cambodia,371,225,596,2021
1440,Indonesia,"1,745","1,101","2,846",2021
1441,Laos,41,37,78,2021
1442,Malaysia,"4,578","2,639","7,217",2021
1443,Myanmar,683,412,"1,095",2021
1444,Philippines,"8,619","5,292","13,911",2021
1445,Singapore,"3,477","1,645","5,122",2021
1446,Thailand,"1,535",797,"2,332",2021
1447,Timor-Leste,40,46,86,2021
1448,Vietnam,"2,769","1,713","4,482",2021
1449,China (excludes SARs and Taiwan),"14,178","7,552","21,730",2021
1450,Hong Kong (SAR of China),"3,589","2,090","5,679",2021
1451,Japan,"1,254",639,"1,893",2021
1452,"Korea, Democratic People's Republic of (North)",19,19,38,2021
1453,"Korea, Republic of (South)","3,897","2,105","6,002",2021
1454,Macau (SAR of China),63,36,99,2021
1455,Mongolia,46,31,77,2021
1456,Taiwan,"1,053",716,"1,769",2021
1457,Afghanistan,"1,985","1,167","3,152",2021
1458,Armenia,17,19,36,2021
1459,Azerbaijan,18,18,36,2021
1460,Bangladesh,"1,754","1,253","3,007",2021
1461,Bhutan,97,49,146,2021
1462,Georgia,10,10,20,2021
1463,India,"15,017","9,528","24,545",2021
1464,Kazakhstan,70,63,133,2021
1465,Kyrgyzstan,29,17,46,2021
1466,Maldives,40,36,76,2021
1467,Nepal,"2,510","1,540","4,050",2021
1468,Pakistan,"2,996","1,764","4,760",2021
1469,Sri Lanka,"4,138","2,686","6,824",2021
1470,Uzbekistan,78,63,141,2021
1471,Argentina,269,251,520,2021
1472,Bermuda,31,14,45,2021
1473,Bolivia,37,25,62,2021
1474,Brazil,674,839,"1,513",2021
1475,Canada,"1,559","1,365","2,924",2021
1476,Chile,359,468,827,2021
1477,Colombia,509,565,"1,074",2021
1478,Costa Rica,np,np,20,2021
1479,Cuba,20,16,36,2021
1480,Ecuador,62,48,110,2021
1481,El Salvador,125,183,308,2021
1482,Guatemala,16,12,28,2021
1483,Jamaica,27,35,62,2021
1484,Mexico,174,160,334,2021
1485,Nicaragua,8,27,35,2021
1486,Peru,272,305,577,2021
1487,Trinidad and Tobago,30,42,72,2021
1488,United States of America,"4,516","2,521","7,037",2021
1489,Uruguay,52,111,163,2021
1490,Venezuela,178,146,324,2021
1491,Botswana,135,57,192,2021
1492,Burundi,104,79,183,2021
1493,Cameroon,28,19,47,2021
1494,"Congo, Democratic Republic of",360,233,593,2021
1495,"Congo, Republic of",58,32,90,2021
1496,Côte d'Ivoire,77,35,112,2021
1497,Eritrea,145,99,244,2021
1498,Ethiopia,540,322,862,2021
1499,Ghana,322,247,569,2021
1500,Guinea,106,48,154,2021
1501,Kenya,"1,125",776,"1,901",2021
1502,Liberia,159,147,306,2021
1503,Malawi,58,41,99,2021
1504,Mauritius,501,485,986,2021
1505,Mozambique,21,20,41,2021
1506,Namibia,54,41,95,2021
1507,Nigeria,838,586,"1,424",2021
1508,Rwanda,75,46,121,2021
1509,Seychelles,43,43,86,2021
1510,Sierra Leone,214,213,427,2021
1511,Somalia,244,240,484,2021
1512,South Africa,"7,649","5,273","12,922",2021
1513,"Southern and East Africa, nec",43,18,61,2021
1514,Tanzania,266,113,379,2021
1515,Uganda,267,146,413,2021
1516,Zambia,224,276,500,2021
1517,Zimbabwe,"2,237","1,952","4,189",2021
1518,Australia,"522,221","313,838","836,059",2022
1519,Norfolk Island and Australian External Territories,16,20,36,2022
1520,Australian Antartic Territory,28,13,41,2022
1521,Cook Islands,16,29,45,2022
1522,Fiji,"1,114","1,316","2,430",2022
1523,Kiribati,12,9,21,2022
1524,Nauru,16,12,28,2022
1525,New Caledonia,37,27,64,2022
1526,New Zealand,"10,335","7,787","18,122",2022
1527,Papua New Guinea,577,717,"1,294",2022
1528,Samoa,158,163,321,2022
1529,"Samoa, American",8,14,22,2022
1530,Solomon Islands,34,40,74,2022
1531,Tonga,104,119,223,2022
1532,Vanuatu,14,23,37,2022
1533,Austria,142,133,275,2022
1534,Belgium,180,114,294,2022
1535,Denmark,138,128,266,2022
1536,England,"14,330","10,267","24,597",2022
1537,Finland,107,75,182,2022
1538,France,667,505,"1,172",2022
1539,Germany,"1,165","1,112","2,277",2022
1540,Iceland,10,10,20,2022
1541,Ireland,"1,132","1,275","2,407",2022
1542,Isle of Man,23,12,35,2022
1543,Jersey,34,16,50,2022
1544,Luxembourg,18,6,24,2022
1545,Netherlands,554,442,996,2022
1546,Northern Ireland,204,227,431,2022
1547,Norway,106,74,180,2022
1548,Scotland,"1,281",993,"2,274",2022
1549,Sweden,247,177,424,2022
1550,Switzerland,345,236,581,2022
1551,"United Kingdom, Channel Islands and Isle of Man, nfd","1,209","1,434","2,643",2022
1552,Wales,400,376,776,2022
1553,Albania,44,49,93,2022
1554,Belarus,45,40,85,2022
1555,Bosnia and Herzegovina,220,332,552,2022
1556,Bulgaria,76,61,137,2022
1557,Croatia,126,224,350,2022
1558,Cyprus,77,61,138,2022
1559,Czechia,72,104,176,2022
1560,Estonia,26,48,74,2022
1561,Greece,560,378,938,2022
1562,Hungary,185,165,350,2022
1563,Italy,643,520,"1,163",2022
1564,Kosovo,15,18,33,2022
1565,Latvia,31,24,55,2022
1566,Lithuania,23,35,58,2022
1567,Malta,48,58,106,2022
1568,Moldova,19,21,40,2022
1569,Montenegro,21,8,29,2022
1570,North Macedonia,221,195,416,2022
1571,Poland,343,506,849,2022
1572,Portugal,106,112,218,2022
1573,Romania,230,212,442,2022
1574,Russian Federation,722,681,"1,403",2022
1575,Serbia,290,238,528,2022
1576,Slovakia,44,64,108,2022
1577,Slovenia,35,30,65,2022
1578,"South Eastern Europe, nfd",13,19,32,2022
1579,Spain,240,198,438,2022
1580,Ukraine,233,256,489,2022
1581,Algeria,17,25,42,2022
1582,Bahrain,144,72,216,2022
1583,Egypt,"1,205",826,"2,031",2022
1584,Gaza Strip and West Bank,31,25,56,2022
1585,Iran,"2,657","1,967","4,624",2022
1586,Iraq,"2,442","1,244","3,686",2022
1587,Israel,429,234,663,2022
1588,Jordan,313,227,540,2022
1589,Kuwait,257,197,454,2022
1590,Lebanon,888,719,"1,607",2022
1591,Libya,82,68,150,2022
1592,Morocco,24,34,58,2022
1593,Oman,163,77,240,2022
1594,Qatar,109,39,148,2022
1595,Saudi Arabia,741,418,"1,159",2022
1596,South Sudan,403,511,914,2022
1597,Sudan,786,740,"1,526",2022
1598,Syria,"1,010",479,"1,489",2022
1599,Tunisia,10,11,21,2022
1600,Turkey,435,398,833,2022
1601,United Arab Emirates,"1,156",400,"1,556",2022
1602,Yemen,40,33,73,2022
1603,Brunei Darussalam,111,89,200,2022
1604,Cambodia,329,225,554,2022
1605,Indonesia,"1,652","1,089","2,741",2022
1606,Laos,34,37,71,2022
1607,Malaysia,"4,282","2,543","6,825",2022
1608,Myanmar,659,433,"1,092",2022
1609,Philippines,"8,114","5,485","13,599",2022
1610,Singapore,"3,297","1,649","4,946",2022
1611,Thailand,"1,472",804,"2,276",2022
1612,Timor-Leste,40,56,96,2022
1613,Vietnam,"2,747","1,768","4,515",2022
1614,China (excludes SARs and Taiwan),"13,721","8,007","21,728",2022
1615,Hong Kong (SAR of China),"3,396","2,071","5,467",2022
1616,Japan,"1,223",700,"1,923",2022
1617,"Korea, Democratic People's Republic of (North)",17,20,37,2022
1618,"Korea, Republic of (South)","3,689","2,070","5,759",2022
1619,Macau (SAR of China),64,45,109,2022
1620,Mongolia,47,41,88,2022
1621,Taiwan,"1,022",679,"1,701",2022
1622,Afghanistan,"1,787","1,134","2,921",2022
1623,Armenia,10,17,27,2022
1624,Azerbaijan,28,14,42,2022
1625,Bangladesh,"1,539","1,309","2,848",2022
1626,Bhutan,89,50,139,2022
1627,India,"15,090","9,932","25,022",2022
1628,Kazakhstan,70,51,121,2022
1629,Kyrgyzstan,27,18,45,2022
1630,Maldives,40,31,71,2022
1631,Nepal,"2,351","1,648","3,999",2022
1632,Pakistan,"2,875","1,871","4,746",2022
1633,Sri Lanka,"4,065","2,653","6,718",2022
1634,Uzbekistan,71,61,132,2022
1635,Argentina,243,247,490,2022
1636,Bermuda,30,12,42,2022
1637,Bolivia,24,33,57,2022
1638,Brazil,665,811,"1,476",2022
1639,Canada,"1,430","1,323","2,753",2022
1640,Chile,355,415,770,2022
1641,Colombia,421,599,"1,020",2022
1642,Costa Rica,9,11,20,2022
1643,Cuba,21,14,35,2022
1644,Ecuador,48,48,96,2022
1645,El Salvador,104,162,266,2022
1646,Guatemala,16,15,31,2022
1647,Jamaica,19,35,54,2022
1648,Mexico,175,149,324,2022
1649,Nicaragua,< 5,np,33,2022
1650,Peru,213,293,506,2022
1651,Trinidad and Tobago,30,33,63,2022
1652,United States of America,"4,435","2,504","6,939",2022
1653,Uruguay,49,84,133,2022
1654,Venezuela,170,159,329,2022
1655,Botswana,129,75,204,2022
1656,Burundi,85,78,163,2022
1657,Cameroon,28,22,50,2022
1658,"Congo, Democratic Republic of",331,259,590,2022
1659,"Congo, Republic of",44,34,78,2022
1660,Côte d'Ivoire,56,45,101,2022
1661,Djibouti,10,10,20,2022
1662,Eritrea,158,77,235,2022
1663,Ethiopia,457,354,811,2022
1664,Ghana,301,275,576,2022
1665,Guinea,99,60,159,2022
1666,Kenya,970,804,"1,774",2022
1667,Lesotho,11,9,20,2022
1668,Liberia,120,155,275,2022
1669,Malawi,60,39,99,2022
1670,Mauritius,466,461,927,2022
1671,Mozambique,21,17,38,2022
1672,Namibia,55,34,89,2022
1673,Nigeria,750,712,"1,462",2022
1674,Rwanda,63,55,118,2022
1675,Seychelles,32,33,65,2022
1676,Sierra Leone,150,206,356,2022
1677,Somalia,213,189,402,2022
1678,South Africa,"6,741","5,094","11,835",2022
1679,"Southern and East Africa, nec",23,17,40,2022
1680,Tanzania,218,131,349,2022
1681,Uganda,252,157,409,2022
1682,Zambia,209,249,458,2022
1683,Zimbabwe,"1,969","1,911","3,880",2022
1684,Australia,"502,582","302,200","804,782",2023
1685,Norfolk Island and Australian External Territories,10,12,22,2023
1686,Australian Antartic Territory,30,17,47,2023
1687,Cook Islands,11,33,44,2023
1688,Fiji,"1,007","1,343","2,350",2023
1689,French Polynesia,12,9,21,2023
1690,Guam,11,9,20,2023
1691,Kiribati,10,13,23,2023
1692,Nauru,18,11,29,2023
1693,New Caledonia,36,21,57,2023
1694,New Zealand,"10,281","9,017","19,298",2023
1695,Papua New Guinea,532,659,"1,191",2023
1696,Samoa,145,171,316,2023
1697,"Samoa, American",11,12,23,2023
1698,Solomon Islands,35,40,75,2023
1699,Tonga,80,125,205,2023
1700,Vanuatu,16,24,40,2023
1701,Austria,134,124,258,2023
1702,Belgium,170,101,271,2023
1703,Denmark,120,121,241,2023
1704,England,"14,333","10,270","24,603",2023
1705,Finland,97,82,179,2023
1706,France,682,488,"1,170",2023
1707,Germany,"1,103","1,074","2,177",2023
1708,Iceland,8,14,22,2023
1709,Ireland,"1,162","1,205","2,367",2023
1710,Isle of Man,26,15,41,2023
1711,Jersey,31,19,50,2023
1712,Luxembourg,np,< 5,26,2023
1713,Netherlands,556,442,998,2023
1714,Northern Ireland,222,227,449,2023
1715,Norway,109,73,182,2023
1716,Scotland,"1,201",967,"2,168",2023
1717,Sweden,229,174,403,2023
1718,Switzerland,330,230,560,2023
1719,"United Kingdom, Channel Islands and Isle of Man, nfd",625,777,"1,402",2023
1720,Wales,414,369,783,2023
1721,Albania,54,39,93,2023
1722,Belarus,43,48,91,2023
1723,Bosnia and Herzegovina,183,299,482,2023
1724,Bulgaria,51,73,124,2023
1725,Croatia,118,177,295,2023
1726,Cyprus,75,59,134,2023
1727,Czechia,77,115,192,2023
1728,Estonia,32,42,74,2023
1729,Greece,551,356,907,2023
1730,Hungary,179,190,369,2023
1731,Italy,679,524,"1,203",2023
1732,Kosovo,15,13,28,2023
1733,Latvia,25,31,56,2023
1734,Lithuania,28,30,58,2023
1735,Malta,42,55,97,2023
1736,Moldova,18,28,46,2023
1737,Montenegro,20,15,35,2023
1738,North Macedonia,204,191,395,2023
1739,Poland,331,479,810,2023
1740,Portugal,115,111,226,2023
1741,Romania,192,215,407,2023
1742,Russian Federation,693,665,"1,358",2023
1743,Serbia,225,219,444,2023
1744,Slovakia,46,58,104,2023
1745,Slovenia,38,33,71,2023
1746,"South Eastern Europe, nfd",13,20,33,2023
1747,Spain,247,183,430,2023
1748,Ukraine,220,257,477,2023
1749,Algeria,25,21,46,2023
1750,Bahrain,140,84,224,2023
1751,Egypt,"1,266",829,"2,095",2023
1752,Iran,"2,656","1,943","4,599",2023
1753,Iraq,"2,453","1,227","3,680",2023
1754,Israel,456,238,694,2023
1755,Jordan,333,213,546,2023
1756,Kuwait,280,210,490,2023
1757,Lebanon,848,738,"1,586",2023
1758,Libya,90,67,157,2023
1759,Morocco,24,41,65,2023
1760,Occupied Palestinian Territories,29,26,55,2023
1761,Oman,153,83,236,2023
1762,Qatar,106,45,151,2023
1763,Saudi Arabia,740,398,"1,138",2023
1764,South Sudan,375,441,816,2023
1765,Sudan,712,712,"1,424",2023
1766,Syria,"1,044",497,"1,541",2023
1767,Turkey,432,406,838,2023
1768,United Arab Emirates,"1,225",430,"1,655",2023
1769,Yemen,43,34,77,2023
1770,Brunei Darussalam,95,81,176,2023
1771,Cambodia,354,233,587,2023
1772,Indonesia,"1,633","1,160","2,793",2023
1773,Laos,34,36,70,2023
1774,Malaysia,"4,197","2,730","6,927",2023
1775,Myanmar,655,520,"1,175",2023
1776,Philippines,"8,103","5,691","13,794",2023
1777,Singapore,"3,303","1,686","4,989",2023
1778,Thailand,"1,498",838,"2,336",2023
1779,Timor-Leste,51,50,101,2023
1780,Vietnam,"3,008","1,988","4,996",2023
1781,China (excludes SARs and Taiwan),"14,049","8,736","22,785",2023
1782,Hong Kong (SAR of China),"3,424","2,128","5,552",2023
1783,Japan,"1,283",690,"1,973",2023
1784,"Korea, Democratic People's Republic of (North)",19,20,39,2023
1785,"Korea, Republic of (South)","3,488","2,184","5,672",2023
1786,Macau (SAR of China),65,38,103,2023
1787,Mongolia,49,46,95,2023
1788,Taiwan,"1,038",745,"1,783",2023
1789,Afghanistan,"1,771","1,068","2,839",2023
1790,Armenia,12,18,30,2023
1791,Azerbaijan,20,21,41,2023
1792,Bangladesh,"1,587","1,344","2,931",2023
1793,Bhutan,101,44,145,2023
1794,India,"16,655","10,895","27,550",2023
1795,Kazakhstan,76,61,137,2023
1796,Kyrgyzstan,23,18,41,2023
1797,Maldives,45,25,70,2023
1798,Nepal,"2,623","1,994","4,617",2023
1799,Pakistan,"3,064","2,030","5,094",2023
1800,Sri Lanka,"4,255","2,764","7,019",2023
1801,Uzbekistan,78,56,134,2023
1802,Argentina,243,250,493,2023
1803,Bermuda,27,18,45,2023
1804,Bolivia,23,24,47,2023
1805,Brazil,649,881,"1,530",2023
1806,Canada,"1,410","1,229","2,639",2023
1807,Cayman Islands,19,8,27,2023
1808,Chile,355,395,750,2023
1809,Colombia,394,616,"1,010",2023
1810,Costa Rica,14,12,26,2023
1811,Cuba,17,16,33,2023
1812,Ecuador,52,51,103,2023
1813,El Salvador,122,130,252,2023
1814,Guatemala,13,16,29,2023
1815,Jamaica,24,35,59,2023
1816,Mexico,176,158,334,2023
1817,Nicaragua,13,13,26,2023
1818,Paraguay,11,12,23,2023
1819,Peru,216,280,496,2023
1820,Trinidad and Tobago,26,29,55,2023
1821,United States of America,"4,382","2,467","6,849",2023
1822,Uruguay,49,74,123,2023
1823,Venezuela,181,191,372,2023
1824,Botswana,121,86,207,2023
1825,Burundi,84,78,162,2023
1826,Cameroon,32,24,56,2023
1827,"Congo, Democratic Republic of",338,267,605,2023
1828,"Congo, Republic of",35,29,64,2023
1829,Côte d'Ivoire,40,48,88,2023
1830,Eritrea,169,104,273,2023
1831,Ethiopia,456,353,809,2023
1832,Ghana,329,291,620,2023
1833,Guinea,122,52,174,2023
1834,Kenya,"1,010",771,"1,781",2023
1835,Liberia,127,140,267,2023
1836,Malawi,71,40,111,2023
1837,Mauritius,458,459,917,2023
1838,Mozambique,19,17,36,2023
1839,Namibia,44,36,80,2023
1840,Nigeria,814,683,"1,497",2023
1841,Rwanda,54,52,106,2023
1842,Seychelles,31,36,67,2023
1843,Sierra Leone,154,197,351,2023
1844,Somalia,225,204,429,2023
1845,South Africa,"6,377","4,917","11,294",2023
1846,"Southern and East Africa, nec",16,18,34,2023
1847,Tanzania,212,145,357,2023
1848,Uganda,249,165,414,2023
1849,Zambia,222,252,474,2023
1850,Zimbabwe,"1,839","1,887","3,726",2023
